{"actions":[],"apps":[{"acl":{"app":[],"field":[],"record":[]},"app":null,"category":{"categories":[],"useCategory":"false"},"form":{"layout":"[{\"id\":null,\"type\":\"ROW\",\"isSubTable\":false,\"var\":null,\"controlList\":[{\"isVirtical\":true,\"type\":\"SINGLE_LINE_TEXT\",\"styleMap\":{\"width\":193},\"label\":\"店名\",\"var\":\"shop_name\"},{\"isVirtical\":true,\"styleMap\":{\"width\":193},\"type\":\"SINGLE_LINE_TEXT\",\"var\":\"shop_name_kana\",\"label\":\"店名よみがな\"}]},{\"id\":null,\"type\":\"ROW\",\"isSubTable\":false,\"var\":null,\"controlList\":[{\"isVirtical\":true,\"type\":\"SINGLE_SELECT\",\"styleMap\":{\"width\":196},\"label\":\"ジャンル\",\"var\":\"genre\"},{\"isVirtical\":true,\"type\":\"SINGLE_CHECK\",\"styleMap\":{\"width\":388},\"label\":\"予算\",\"var\":\"price_range\",\"align\":\"horizontal\"}]},{\"id\":null,\"type\":\"ROW\",\"isSubTable\":false,\"var\":null,\"controlList\":[{\"isVirtical\":true,\"type\":\"DECIMAL\",\"styleMap\":{\"width\":232},\"label\":\"店までの所要時間（だいたい）\",\"var\":\"time_required\"}]},{\"id\":null,\"type\":\"ROW\",\"isSubTable\":false,\"var\":null,\"controlList\":[{\"isVirtical\":true,\"styleMap\":{\"width\":196},\"type\":\"SINGLE_SELECT\",\"var\":\"rating_taste\",\"label\":\"味\"},{\"isVirtical\":true,\"styleMap\":{\"width\":196},\"type\":\"SINGLE_SELECT\",\"var\":\"rating_cospa\",\"label\":\"コスパ\"},{\"isVirtical\":true,\"styleMap\":{\"width\":196},\"type\":\"SINGLE_SELECT\",\"var\":\"rating_quickdelivery\",\"label\":\"提供の早さ\"},{\"isVirtical\":true,\"styleMap\":{\"width\":196},\"type\":\"SINGLE_SELECT\",\"var\":\"rating_atmosphere\",\"label\":\"雰囲気\"}]},{\"id\":null,\"type\":\"ROW\",\"isSubTable\":false,\"var\":null,\"controlList\":[{\"isVirtical\":true,\"styleMap\":{\"width\":255},\"type\":\"SINGLE_CHECK\",\"var\":\"smoking_area\",\"label\":\"分煙\",\"align\":\"horizontal\"}]},{\"id\":null,\"type\":\"ROW\",\"isSubTable\":false,\"var\":null,\"controlList\":[{\"isVirtical\":true,\"type\":\"MULTIPLE_LINE_TEXT\",\"styleMap\":{\"width\":485,\"height\":162,\"innerHeight\":125},\"label\":\"お店のURL、おすすめポイントなど（詳しい情報ほどありがたいです）\",\"var\":\"shop_details\"}]},{\"id\":null,\"type\":\"ROW\",\"isSubTable\":false,\"var\":null,\"controlList\":[{\"isVirtical\":true,\"type\":\"LINK\",\"styleMap\":{\"width\":221},\"label\":\"URL（食べログのURLなど）\",\"var\":\"homepage_url\"}]},{\"id\":null,\"type\":\"ROW\",\"isSubTable\":false,\"var\":null,\"controlList\":[{\"isVirtical\":true,\"type\":\"SINGLE_LINE_TEXT\",\"styleMap\":{\"width\":193},\"label\":\"住所\",\"var\":\"address\"}]},{\"id\":null,\"type\":\"ROW\",\"isSubTable\":false,\"var\":null,\"controlList\":[{\"isVirtical\":true,\"type\":\"LINK\",\"styleMap\":{\"width\":193},\"label\":\"画像URL\",\"var\":\"image_url\"}]}]","revision":null},"iconMeta":{"internalName":null,"mime":"image/png","name":"Nihonbashi_108.png"},"info":{"code":null,"decimalPrecision":"16","decimalScale":"4","description":"\u003Cdiv\u003E\u003Cbr /\u003E\u003C/div\u003E","enableBulkDeletion":"false","fiscalYearStartMonth":"4","iconKey":"20","iconType":"BLOB","jsFiles":null,"jsScope":"ALL","name":"日本橋ランチ情報","roundingMode":"HALF_EVEN","theme":"PLAIN","titleComponentLocalId":null,"useComment":"true","useHistory":"true","useThumbnail":"true"},"jsFiles":[],"notification":{"appNotifications":[{"events":["RECORD_COMMENT_ADDED"],"target":{"entityId":"5519966","entityType":"FIELD_ENTITY","includeSubs":"false"}},{"events":["RECORD_COMMENT_ADDED"],"target":{"entityId":"5519967","entityType":"FIELD_ENTITY","includeSubs":"false"}}],"recordNotifications":[],"reminderTimezone":null,"reminders":[],"useComment":"true","useReminder":"false"},"plugin":{"pluginIds":[]},"reports":[],"resource":{"tables":[{"rows":[{"fields":[],"objectId":"0","subObjectId":"-1"}],"type":"AppName"},{"rows":[{"fields":[],"objectId":"0","subObjectId":"-1"}],"type":"AppDescription"},{"rows":[{"fields":[],"objectId":"5519965","subObjectId":"-1"},{"fields":[],"objectId":"5519966","subObjectId":"-1"},{"fields":[],"objectId":"5519967","subObjectId":"-1"},{"fields":[],"objectId":"5519968","subObjectId":"-1"},{"fields":[],"objectId":"5519969","subObjectId":"-1"},{"fields":[],"objectId":"5519970","subObjectId":"-1"},{"fields":[],"objectId":"5519971","subObjectId":"-1"},{"fields":[],"objectId":"5519972","subObjectId":"-1"},{"fields":[],"objectId":"5519984","subObjectId":"-1"},{"fields":[],"objectId":"5519985","subObjectId":"-1"},{"fields":[],"objectId":"5519985","subObjectId":"5519973"},{"fields":[],"objectId":"5519985","subObjectId":"5519974"},{"fields":[],"objectId":"5519985","subObjectId":"5519975"},{"fields":[],"objectId":"5519985","subObjectId":"5519976"},{"fields":[],"objectId":"5519985","subObjectId":"5519977"},{"fields":[],"objectId":"5519985","subObjectId":"5519978"},{"fields":[],"objectId":"5519985","subObjectId":"5519979"},{"fields":[],"objectId":"5519985","subObjectId":"5519980"},{"fields":[],"objectId":"5519985","subObjectId":"5519981"},{"fields":[],"objectId":"5519986","subObjectId":"-1"},{"fields":[],"objectId":"5519986","subObjectId":"5519982"},{"fields":[],"objectId":"5519986","subObjectId":"5519983"},{"fields":[],"objectId":"5519987","subObjectId":"-1"},{"fields":[],"objectId":"5519993","subObjectId":"-1"},{"fields":[],"objectId":"5519994","subObjectId":"-1"},{"fields":[],"objectId":"5519995","subObjectId":"-1"},{"fields":[],"objectId":"5519996","subObjectId":"-1"},{"fields":[],"objectId":"5519998","subObjectId":"-1"},{"fields":[],"objectId":"5520034","subObjectId":"-1"},{"fields":[],"objectId":"5520034","subObjectId":"5520006"},{"fields":[],"objectId":"5520034","subObjectId":"5520007"},{"fields":[],"objectId":"5520034","subObjectId":"5520008"},{"fields":[],"objectId":"5520034","subObjectId":"5520009"},{"fields":[],"objectId":"5520034","subObjectId":"5520010"},{"fields":[],"objectId":"5520034","subObjectId":"5520011"},{"fields":[],"objectId":"5520035","subObjectId":"-1"},{"fields":[],"objectId":"5520035","subObjectId":"5520012"},{"fields":[],"objectId":"5520035","subObjectId":"5520013"},{"fields":[],"objectId":"5520035","subObjectId":"5520014"},{"fields":[],"objectId":"5520035","subObjectId":"5520015"},{"fields":[],"objectId":"5520035","subObjectId":"5520016"},{"fields":[],"objectId":"5520035","subObjectId":"5520017"},{"fields":[],"objectId":"5520036","subObjectId":"-1"},{"fields":[],"objectId":"5520036","subObjectId":"5520018"},{"fields":[],"objectId":"5520036","subObjectId":"5520019"},{"fields":[],"objectId":"5520036","subObjectId":"5520020"},{"fields":[],"objectId":"5520036","subObjectId":"5520021"},{"fields":[],"objectId":"5520036","subObjectId":"5520022"},{"fields":[],"objectId":"5520036","subObjectId":"5520023"},{"fields":[],"objectId":"5520037","subObjectId":"-1"},{"fields":[],"objectId":"5520037","subObjectId":"5520024"},{"fields":[],"objectId":"5520037","subObjectId":"5520025"},{"fields":[],"objectId":"5520037","subObjectId":"5520026"},{"fields":[],"objectId":"5520037","subObjectId":"5520027"},{"fields":[],"objectId":"5520037","subObjectId":"5520028"},{"fields":[],"objectId":"5520037","subObjectId":"5520029"},{"fields":[],"objectId":"5520041","subObjectId":"-1"},{"fields":[],"objectId":"5520041","subObjectId":"5520039"},{"fields":[],"objectId":"5520041","subObjectId":"5520040"}],"type":"FieldLabel"},{"rows":[{"fields":[],"objectId":"20","subObjectId":"-1"}],"type":"ViewName"}]},"schema":{"groups":[],"revision":null,"subTable":{},"table":{"fieldList":{"5519965":{"id":"5519965","label":"レコード番号","properties":{"noLabel":"false","required":"true"},"type":"RECORD_ID","var":"レコード番号"},"5519966":{"id":"5519966","label":"更新者","properties":{"noLabel":"false","required":"true"},"type":"MODIFIER","var":"更新者"},"5519967":{"id":"5519967","label":"作成者","properties":{"noLabel":"false","required":"true"},"type":"CREATOR","var":"作成者"},"5519968":{"id":"5519968","label":"更新日時","properties":{"noLabel":"false","required":"true"},"type":"MODIFIED_AT","var":"更新日時"},"5519969":{"id":"5519969","label":"作成日時","properties":{"noLabel":"false","required":"true"},"type":"CREATED_AT","var":"作成日時"},"5519970":{"id":"5519970","label":"ステータス","properties":{"noLabel":"false","required":"false"},"type":"STATUS","var":"ステータス"},"5519971":{"id":"5519971","label":"作業者","properties":{"noLabel":"false","required":"false"},"type":"STATUS_ASSIGNEE","var":"作業者"},"5519972":{"id":"5519972","label":"カテゴリー","properties":{"noLabel":"false","required":"false"},"type":"CATEGORY","var":"カテゴリー"},"5519984":{"id":"5519984","label":"店名","properties":{"defaultValue":"","expression":"","hideExpression":"false","max":null,"min":null,"noLabel":"false","required":"false","unique":"false"},"type":"SINGLE_LINE_TEXT","var":"shop_name"},"5519985":{"id":"5519985","label":"ジャンル","properties":{"defaultValue":null,"noLabel":"false","options":[{"id":"5519973","label":"韓国料理","valid":true},{"id":"5519974","label":"和食","valid":true},{"id":"5519975","label":"焼肉","valid":true},{"id":"5519976","label":"カフェ","valid":true},{"id":"5519977","label":"アジアン","valid":true},{"id":"5519978","label":"洋食","valid":true},{"id":"5519979","label":"中華","valid":true},{"id":"5519980","label":"カレー","valid":true},{"id":"5519981","label":"イタリアン","valid":true}],"required":"false"},"type":"SINGLE_SELECT","var":"genre"},"5519986":{"id":"5519986","label":"予算","properties":{"defaultValue":"5519982","noLabel":"false","options":[{"id":"5519982","label":"500円から1000円","valid":true},{"id":"5519983","label":"1000円から1500円","valid":true}],"required":"true"},"type":"SINGLE_CHECK","var":"price_range"},"5519987":{"id":"5519987","label":"店までの所要時間（だいたい）","properties":{"defaultValue":null,"digit":"false","displayScale":null,"max":null,"min":null,"noLabel":"false","required":"false","roundingMode":null,"scale":null,"unique":"false","unit":"","unitPosition":"BEFORE"},"type":"DECIMAL","var":"time_required"},"5519993":{"id":"5519993","label":"お店のURL、おすすめポイントなど（詳しい情報ほどありがたいです）","properties":{"defaultValue":"","noLabel":"false","required":"false"},"type":"MULTIPLE_LINE_TEXT","var":"shop_details"},"5519994":{"id":"5519994","label":"URL（食べログのURLなど）","properties":{"defaultValue":"","max":null,"min":null,"noLabel":"false","protocol":"WEB","required":"false","unique":"false"},"type":"LINK","var":"homepage_url"},"5519995":{"id":"5519995","label":"住所","properties":{"defaultValue":"","expression":"","hideExpression":"false","max":null,"min":null,"noLabel":"false","required":"false","unique":"false"},"type":"SINGLE_LINE_TEXT","var":"address"},"5519996":{"id":"5519996","label":"画像URL","properties":{"defaultValue":"","max":null,"min":null,"noLabel":"false","protocol":"WEB","required":"false","unique":"false"},"type":"LINK","var":"image_url"},"5519998":{"id":"5519998","label":"店名よみがな","properties":{"defaultValue":"","expression":"","hideExpression":"false","max":null,"min":null,"noLabel":"false","required":"true","unique":"false"},"type":"SINGLE_LINE_TEXT","var":"shop_name_kana"},"5520034":{"id":"5520034","label":"味","properties":{"defaultValue":"5520011","noLabel":"false","options":[{"id":"5520006","label":"5","valid":true},{"id":"5520007","label":"4","valid":true},{"id":"5520008","label":"3","valid":true},{"id":"5520009","label":"2","valid":true},{"id":"5520010","label":"1","valid":true},{"id":"5520011","label":"0","valid":true}],"required":"false"},"type":"SINGLE_SELECT","var":"rating_taste"},"5520035":{"id":"5520035","label":"コスパ","properties":{"defaultValue":"5520017","noLabel":"false","options":[{"id":"5520012","label":"5","valid":true},{"id":"5520013","label":"4","valid":true},{"id":"5520014","label":"3","valid":true},{"id":"5520015","label":"2","valid":true},{"id":"5520016","label":"1","valid":true},{"id":"5520017","label":"0","valid":true}],"required":"false"},"type":"SINGLE_SELECT","var":"rating_cospa"},"5520036":{"id":"5520036","label":"提供の早さ","properties":{"defaultValue":"5520023","noLabel":"false","options":[{"id":"5520018","label":"5","valid":true},{"id":"5520019","label":"4","valid":true},{"id":"5520020","label":"3","valid":true},{"id":"5520021","label":"2","valid":true},{"id":"5520022","label":"1","valid":true},{"id":"5520023","label":"0","valid":true}],"required":"false"},"type":"SINGLE_SELECT","var":"rating_quickdelivery"},"5520037":{"id":"5520037","label":"雰囲気","properties":{"defaultValue":"5520029","noLabel":"false","options":[{"id":"5520024","label":"5","valid":true},{"id":"5520025","label":"4","valid":true},{"id":"5520026","label":"3","valid":true},{"id":"5520027","label":"2","valid":true},{"id":"5520028","label":"1","valid":true},{"id":"5520029","label":"0","valid":true}],"required":"false"},"type":"SINGLE_SELECT","var":"rating_atmosphere"},"5520041":{"id":"5520041","label":"分煙","properties":{"defaultValue":"5520040","noLabel":"false","options":[{"id":"5520039","label":"あり","valid":true},{"id":"5520040","label":"なし","valid":true}],"required":"true"},"type":"SINGLE_CHECK","var":"smoking_area"}},"id":"1","label":"__ROOT__","var":"__ROOT__"}},"status":{"actions":[],"filters":[],"initialStateId":null,"states":[],"useStatus":"false"},"uuid":"41b1f926-1885-4d27-8e07-7ad166c49e22","views":[{"advancedMode":null,"builtinType":"ALL","fields":[{"row":[{"id":"5519965"},{"id":"5519984"},{"id":"5519985"},{"id":"5519986"},{"id":"5519987"},{"id":"5519993"},{"id":"5519994"},{"id":"5519995"},{"id":"5519996"},{"id":"5519998"},{"id":"5520034"},{"id":"5520035"},{"id":"5520036"},{"id":"5520037"},{"id":"5520041"}]}],"filter":{"category":null,"offset":null,"order":[],"q":null,"size":null,"sort":[]},"html":null,"keyFieldId":null,"name":"（すべて）","pager":null,"revision":null,"titleFieldId":null,"view":"20","viewType":"LIST"}]}],"description":"ランチ情報アプリのテンプレート","iconKey":"20180724090802E5E1AF542D0440D5A819D2D6EA5CAB78149","iconMeta":{"internalName":null,"mime":"image/png","name":"Nihonbashi_108.png"},"iconSrcAppId":null,"iconType":"BLOB","imagesMeta":[{"internalName":null,"mime":"image/png","name":"Nihonbashi-Lunch-Skill.png"}],"lookups":[],"name":"ランチ情報","references":[],"version":"23"}